{"error_nn": 8.76849033903847e-06, "it_nn": 21, "resdual_nn": [1.0, 0.3666075460789889, 0.10743656142121778, 0.031419727371510574, 0.011269218216705481, 0.007530236740224572, 0.003503892302575079, 0.0013775597193560396, 0.0005474645269209103, 0.0007628007778861759, 0.0002713376379178079, 0.00016428592893276967, 8.822185472821206e-05, 3.585366803509384e-05, 3.412000180308312e-05, 3.044356825054482e-05, 3.549443896283679e-05, 2.0182578841406198e-05, 2.5135778254035305e-05, 1.4154066589284326e-05, 1.583496613676702e-05, 8.763652408220616e-06]}